name,district,state,description,category,best_time_to_visit,estimated_cost,anchor_location,underrated_score
Playing cricket with local children,Varanasi,Uttar Pradesh,"Engage in an impromptu cricket match with local children, an activity that offers unexpected joy and a memorable cultural exchange, proving to be more enjoyable than standard sightseeing.",Activity,,Free,Varanasi,6
Local Cricket Match with Kids,Varanasi,Uttar Pradesh,"Engage in a spontaneous cricket match with local children for a truly authentic, joyful cultural exchange that provides more fun than traditional sightseeing.",Activity,,Free,Varanasi,3
Sadalpur Abhilekh (Sadalpur Inscription),Shahdol,Madhya Pradesh,"An ancient, historically significant inscription site that is largely unknown, even to many locals. Its obscurity makes it a truly off-the-beaten-path destination for those seeking unique cultural experiences away from mainstream tourism.",Cultural/Historic Site,,Budget-friendly,Shahdol,9
Robot Barista Coffee Experience (featuring Robot Tom),Tokyo,Tokyo Prefecture,"Experience an automated robot barista preparing your coffee via a vending machine, showcasing Japan's cutting-edge technology and unique service innovations.",Food Joint,,Budget-friendly,Tokyo,3
A Land,,,"An entertainment zone within Comic Con offering a variety of engaging experiences, including racing and a unique game booth for creating personalized superhero avatars.",Activity,During Comic Con,Budget-friendly,Comic Con Venue,3
Personalized Superhero Avatar Game Booth,,,An interactive booth where visitors can create a unique gaming hero avatar based on their personality and give it a distinctive name with the help of Jamnay.,Activity,During Comic Con,Budget-friendly,A Land (within Comic Con Venue),4
Jemina Podcast Room,,,"A dedicated space where participants can compare their unique superhero avatars and await results from Jemina to determine whose hero is more powerful, completing the interactive avatar creation experience.",Activity,During Comic Con,Budget-friendly,A Land (within Comic Con Venue),3
Shivanasamudra,Mandya,Karnataka,"Experience profound peace and quiet, allowing your mind to calm and fully absorb the serene natural surroundings, offering a unique respite from daily stresses.",Natural Landmark,,Budget-friendly,Kaveri River,3
Shaam Ko (Naga Wooden Gong/Drum),Kohima,Nagaland,"Discover a unique Naga cultural artifact, a wooden gong or drum that was historically used for various ceremonial and warning purposes. Its most striking feature is its historical use as a display for the heads of defeated enemies, around which victorious warriors performed celebratory dances, offering a profound glimpse into ancient tribal traditions.",Cultural/Historic Site,During the Hornbill Festival (first week of December),Budget-friendly,"Kisama Heritage Village, Kohima",6
Secret Waterfall with Mythical Origin,Leh,Ladakh,"Discover a unique waterfall that flows defiantly amidst the bone-chilling cold, where everything else is frozen. It's believed to have emerged miraculously from within a mountain, carrying a captivating mythical origin story involving a Lama and a magical box.",Natural Landmark,Winter,Free,"Leh, Ladakh",9
Mad Island,Mumbai Suburban District,Maharashtra,"Experience a local, authentic stay by crossing the sea, away from typical tourist accommodations in main Mumbai. It offers a unique getaway, possibly with beach access, ideal for an evening bike ride.",Natural Landmark,Evening,Budget-friendly,Mumbai,5
Rajdhani First Class Train Journey,Mumbai,Maharashtra,"Experience a luxurious 18-hour train journey from Mumbai to Delhi, featuring a private cabin for solo travelers, unlimited home-like meals, and dedicated attendant service. It offers a comfortable and unique travel alternative to standard flights.",Activity,,Moderate,Mumbai,6
Cute Dhaba serving Indian Muslim Cuisine,Dibrugarh,Assam,"Discover a delightful, unassuming dhaba near the station that offers surprisingly delicious and authentic Indian Muslim cuisine, providing a hearty and satisfying meal when hunger strikes.",Food Joint,Lunch,Budget-friendly,Dibrugarh Railway Station,6
Weekly Train Journey from Nalagan to Dibrugarh,Dibrugarh,Assam,"Embark on a beautiful, early morning weekly train journey from Nalagan to Dibrugarh, offering a unique and scenic travel experience.",Activity,Early morning (5 AM),Budget-friendly,Dibrugarh,3
Shivanasamudra Falls,Mandya,Karnataka,"Witness the Kaveri River in its magnificent 'full glory' at this waterfall, which marks the culmination of its 733 km journey from its source, offering a profound and spiritual perspective on its life cycle.",Natural Landmark,,Budget-friendly,Bangalore,6
Bibi Ka Maqbara,Chhatrapati Sambhaji Nagar,Maharashtra,"This monument, built by Aurangzeb, strikingly resembles the Taj Mahal, offering a unique architectural experience in Chhatrapati Sambhaji Nagar.",Cultural/Historic Site,,Budget-friendly,Chhatrapati Sambhaji Nagar,3
Anjanadri Betta (Hanuman's Birthplace Temple),Koppal,Karnataka,"Experience a challenging climb of 500 stairs to reach the temple believed to be Hanuman's birthplace, and witness a breathtaking sunset from the hilltop.",Cultural/Historic Site,Sunset,Budget-friendly,Hampi,3
"International Monasteries of Bodh Gaya (Chinese, Thai, Japanese, Bhutanese, Mongolian, Bangladeshi, etc.)",Gaya,Bihar,"Explore a diverse cluster of monasteries built by various Buddhist nations, each showcasing unique architectural styles and offering a distinct cultural and spiritual experience. It's a surprising discovery beyond the well-known Mahabodhi Temple.",Cultural/Historic Site,,Budget-friendly,"Mahabodhi Temple, Bodh Gaya",3
Ajanta Caves,Aurangabad,Maharashtra,"Explore ancient Indian artistry and magnificent paintings that showcase incredible technical brilliance from a bygone era, an experience so profound it can give you goosebumps.",Cultural/Historic Site,,Moderate,Aurangabad,3
Dimapur's Exotic Meat Market,Dimapur,Nagaland,"Explore a unique and surprising facet of local culture at this market, offering an array of non-mainstream meats like rats, frogs, rabbits, silkworms, hamsters, pigeons, and ducks. It provides an authentic and eye-opening glimpse into Nagaland's distinctive culinary traditions.",Cultural/Historic Site,,Budget-friendly,Dimapur,4
Shillong,East Khasi Hills,Meghalaya,"A captivating destination accessible via beautiful roads and scenic routes, offering stunning views and a vibrant atmosphere, particularly within its hostels. It was actively chosen over Guwahati for a more appealing travel experience.",Natural Landmark,,Moderate,Guwahati,3
Intimate Family Birthday Celebration,,,"A heartfelt, home-based gathering for a special occasion, offering a rare opportunity for genuine family connection and shared joy, often proving more fulfilling than elaborate events and culminating in deep happiness.",Event/Festival,Evening/Night,Budget-friendly,,3
Remote Himalayan Snow Leopard Tracking Route,Leh,Ladakh,"Embark on a challenging, off-the-beaten-path adventure to track snow leopards, offering the rare opportunity to witness these elusive big cats, potentially in unexpected and intense encounters, providing an unparalleled, adrenaline-fueled wildlife experience.",Activity,Winter evenings,Moderate,Leh,7
Overnight Stay in a Railway Station Dormitory,,,"Experience a surprisingly private and extremely budget-friendly overnight stay within a railway station's dormitory. It offers unexpected comfort, like individual seating in common areas, and often provides a peaceful, solitary lodging option for a minimal cost.",Activity,"Overnight, particularly when having an early morning train departure or late-night arrival.",Budget-friendly,,6
General Compartment Train Journey to Guwahati,,Assam,"Experience an authentic and unpredictable journey through the Indian rail network, offering genuine interactions with locals, opportunities to make new friends, and a taste of the raw, challenging yet memorable aspects of budget travel.",Activity,,Budget-friendly,Guwahati,3
Unexpected Lift and Spontaneous Journey,,,"Experience the rare and enriching kindness of strangers in Japan, turning an ordinary transit into a deeply memorable journey filled with unexpected stops for lunch and coffee, highlighting the beauty of solo travel and human connection.",Activity,,Free,Japan,7
Tuensang,Tuensang,Nagaland,"Tuensang offers a genuinely raw and special travel experience, distinct from mainstream destinations. Visitors will encounter authentic challenges, such as the need for in-person bookings, but these contribute to a unique sense of adventure and interaction with the local environment, providing a daily opportunity for discovery and connection.",Cultural/Historic Site,,Budget-friendly,Kiphire,6
Mattur Village,Shimoga,Karnataka,"Experience a unique cultural immersion in a village where residents exclusively speak and learn Sanskrit. It hosts a Gurukul preserving traditional Vedic education, offering a chance to step back in time, contrasting sharply with modern urban life.",Cultural/Historic Site,,Budget-friendly,Shimoga,7
Sunset at a South Goa Beach,South Goa,Goa,"Experience the serene and unmissable sunset views from a peaceful beach in South Goa, a moment highly prioritized for its tranquility.",Natural Landmark,Sunset,Free,Goa,3
Vande Bharat Express,India,India,"Experience India's fastest train, offering a surprisingly luxurious and efficient travel option with excellent hospitality and continuous meal service including tea, breakfast, juice, lunch, and ice cream.",Activity,,Moderate,India,7
Decorated Indian Truck Journey,,Multiple Indian States,"Immerse yourself in the vibrant subculture of Indian highways by experiencing a ride in a colorfully decorated long-haul truck, a unique and authentic way to travel across the country.",Activity,,Free,Delhi,3
Majuli Island,Majuli,Assam,"Visit the world's largest river island, accessible by ferry across the Brahmaputra River. It offers unparalleled beauty and peace, making you feel as if you've entered another world. Experience this unique destination soon, as it faces the risk of submerging in the near future.",Natural Landmark,,Budget-friendly,Brahmaputra River,3
Dras,Kargil,Ladakh,"Visit Dras, the world's second coldest inhabited place, to witness a resilient community thriving amidst extreme winters. Experience its vibrant local markets, observe traditional sports like archery, and be surprised by the warmth and beauty that defy common perceptions of this historically significant town.",Cultural/Historic Site,"Winter, especially around January",Budget-friendly,Kargil,7
Local Archery in Dras,Kargil,Ladakh,"Witness or even try the local sport of archery, passionately enjoyed by the residents of Dras even amidst heavy snowfall, offering a unique glimpse into their resilient way of life.",Activity,"Winter, during snowfall",Free,Dras,3
Republic Day Celebration in Dras,Kargil,Ladakh,"Experience the profound patriotism and vibrant community spirit of Dras locals as they celebrate Republic Day with full vigor, a moving sight in one of the world's coldest inhabited regions.",Event/Festival,January 26th,Free,Dras,3
Dras Valley,Kargil,Ladakh,"Experience extreme winter conditions with 6-8 feet of snow, where water freezes mid-air and temperatures can plummet to -60°C. It offers a dream-like, unique adventure few have witnessed.",Natural Landmark,Winter,Moderate,Kargil,7
Secret Second Cave,,,"This hidden cave offers a serene and authentic experience, discovered with a local's insight, providing a peaceful alternative to the crowded mainstream attractions.",Natural Landmark,Winter,Budget-friendly,Unspecified Tourist Destination,6
Grahan Village,Kullu,Himachal Pradesh,"A remote village showcasing a powerful example of community resilience, where locals brought high-speed internet to overcome the lack of mobile signals, offering a unique blend of traditional life and modern connectivity.",Cultural/Historic Site,,Budget-friendly,Kasol,4
Sleeping Pods,Mumbai,Maharashtra,"These top-class sleeping pods located within the station offer good AC, dedicated charging ports, privacy, and clean bathrooms, providing a comfortable and budget-friendly option for travelers needing a short rest.",Activity,,Budget-friendly,Chhatrapati Shivaji Maharaj Terminus,5
Blue Lassi Shop,Varanasi,Uttar Pradesh,"A unique lassi shop known for its over 100 varieties of delicious lassi and walls adorned with photos of visitors from around the world. Reaching it is an adventure in itself, involving a walk, a boat ride across the river, and navigating through narrow, authentic lanes.",Food Joint,,Budget-friendly,Varanasi City,6
Hidden Temples Alley Tour of Varanasi,Varanasi,Uttar Pradesh,"Embark on an intimate and authentic walking tour through Varanasi's ancient, winding alleys, guided by a local priest, to discover lesser-known, 'hidden' temples and gain unique local insights that most tourists miss.",Activity,Morning,Budget-friendly,Varanasi,9
Tulsidas Temple,Varanasi,Uttar Pradesh,"Visit this culturally significant temple in Varanasi, one of the 'hidden gems' revealed by locals, where the revered saint Tulsidas composed the epic Ramcharitmanas.",Cultural/Historic Site,,Free,Varanasi,8
Udupi,Udupi,Karnataka,"This coastal town served as the destination for a 12-13 day road trip, chosen for a significant personal event, a friend's wedding.",Cultural/Historic Site,,,Udupi,0
Friend's Wedding Celebration,Udupi,Karnataka,"A joyous and lively multi-day celebration in Udupi marking the union of friends who first connected through travel, characterized by dancing and a festive atmosphere.",Event/Festival,,,Udupi,0
Jatayu Earth's Center (Jatayu Rock),Kollam,Kerala,"Visit the world's largest bird statue, dedicated to the mythical Jatayu, who sacrificed his life attempting to rescue Sita. The statue uniquely depicts a missing wing, symbolizing his injury and the profound sacrifice.",Cultural/Historic Site,,Moderate,Kollam,3
900-year-old Monastery,Ladakh,Ladakh,"Experience a unique overnight stay and dinner with monks in an ancient 900-year-old monastery, accessible via a 2.5-hour scenic hike. This exclusive experience is not typically available to tourists.",Cultural/Historic Site,,Moderate,Ladakh,6
Stag Beetle Discovery in Sikkim,,Sikkim,"Experience the thrill of unexpected wildlife encounters, where you might stumble upon rare and valuable species like the world's most expensive Stag Beetle, revealing a unique and surprising aspect of Sikkim's natural environment.",Activity,,Free,Sikkim,7
Roadside Dhaba (Unspecified Location),Unspecified,Unspecified,"An authentic roadside eatery offering a real glimpse into local interactions and conditions, providing travelers with unique, unfiltered insights into the regional environment, even if the information received is cautionary.",Food Joint,Evening,Budget-friendly,Guwahati,2
Remote Routes of Mon District,Mon,Nagaland,"Explore challenging and lesser-known routes where few travelers venture, offering a rugged and authentic journey through untouched landscapes.",Activity,,Budget-friendly,Mon,9
Loktak Lake & Keibul Lamjao National Park,,Manipur,"A breathtakingly beautiful lake in Manipur which hosts Keibul Lamjao National Park within its waters, where visitors can experience staying in charming floating huts.",Natural Landmark,,Moderate,Imphal,7
Remote Mountain Temple,,,"A secluded Hindu temple in a mountainous region, providing shelter during extreme weather conditions. It offers a raw and unforgettable experience, characterized by its isolation and the profound memories it creates during challenging journeys.",Cultural/Historic Site,,Free,Mountainous Region,4
Manikarnika Ghat,Varanasi,Uttar Pradesh,"Experience the profound cycle of life and death by witnessing the continuous sacred fire of pyres, a tradition maintained for thousands of years, which inspires deep philosophical contemplation about human existence.",Cultural/Historic Site,,Free,Varanasi,3
Village with Waste-to-Manure System,,,"Discover a village where residents demonstrate an innovative and authentic waste management system, utilizing 'Android toilets' to convert human waste into manure for farming, highlighting a truly sustainable and self-sufficient way of life integral to the community.",Cultural/Historic Site,,,,3
Zulfon Peak/Viewpoint,,,"Undertake a challenging 5-hour trek to reach Zulfon and be rewarded with an overwhelming and stunning natural beauty, an especially enjoyable experience during the rainy season.",Natural Landmark,Rainy season,Budget-friendly,,6
Kamakura,Kamakura,Kanagawa,"Escape Tokyo's hustle and bustle for an authentic glimpse into the Japan depicted in films and anime, highlighted by the impressive Great Buddha statue. It offers a more serene and picturesque experience compared to the city.",Cultural/Historic Site,,Moderate,Tokyo,6
Shri Malya Vanta Raghunath Temple,Vijayanagara,Karnataka,"Experience profound peace and divinity at this temple where Lord Rama meditated, featuring continuous bhajans 24/7. Discover a stunning sunrise point just a short climb away, offering breathtaking views.",Cultural/Historic Site,Early morning (5 AM) for bhajans and sunrise.,Free,Hampi,6
Film and Television Institute of India (FTII) Campus,Kothrud,Maharashtra,"Explore the historic campus of one of the world's premier film schools, a hub of creativity and learning that has shaped many film professionals. It's described as a place of deep personal significance and high creative energy.",Cultural/Historic Site,,Moderate,Pune,0
Student Film Screenings at FTII,Kothrud,Maharashtra,"Witness the exceptional talent of emerging filmmakers at one of the world's top film institutes. The quality of the films is highly praised, described as 'really good,' offering a unique glimpse into future cinematic trends.",Event/Festival,Evening,Budget-friendly,Pune,6
Mahabodhi Temple Complex & Bodhi Tree,Gaya,Bihar,"Discover profound peace and spiritual divinity at this sacred site where Mahatma Buddha attained enlightenment. The atmosphere under the ancient Bodhi Tree is so serene, you'll find yourself wanting to simply sit and meditate for hours, an unexpectedly moving experience.",Cultural/Historic Site,,Budget-friendly,Bodh Gaya,6
Unexplored Region of Kargil,Kargil,Ladakh,"This part of Kargil offers a unique and previously unseen perspective, promising an enjoyable and less-traveled experience for visitors.",Cultural/Historic Site,,Budget-friendly,Kargil,5
Marble Waste Ground (मार्बल वेज ग्राउंड),Kishangarh,Rajasthan,"A unique, man-made landscape created from marble waste, often appearing visually striking in photographs, resembling a snowy terrain, and featuring a lake with boating activities.",Natural Landmark,,Budget-friendly,Jaipur,0
Snow Leopard Village,Kargil,Ladakh,"A tranquil and deeply immersive village that offers a profound sense of connection, leaving visitors feeling as though they've been there for months, even after a short stay.",Natural Landmark,,Moderate,Kargil,6
Local Momo Making Experience,Kargil,Ladakh,"An engaging hands-on activity where you learn the intricate and artistic craft of preparing perfect momos from a local expert, revealing the hidden skill behind the popular dish.",Activity,,Budget-friendly,Kargil,6
Dual-Ceremony Wedding Celebration,,,"Experience a beautiful and unique wedding celebration that combines ceremonies held in both a church and a temple, featuring vibrant baraat processions, traditional dances practiced over a 121-day road trip, and playful rituals like 'juta churai'. The event is described as nothing short of a fairy tale, filled with joy and love.",Event/Festival,,Budget-friendly,,6
Sunderman (Ghost Village),Kargil,Ladakh,"An abandoned historical village near the Line of Control, which was once part of Pakistan and became Indian territory after the 1971 war. It houses two Museums of Memories preserving artifacts from that period, offering a compelling glimpse into the region's past.",Cultural/Historic Site,,Budget-friendly,Kargil,3
Longlaung Stone Bridge,,Nagaland,"An ancient, unique stone bridge that is a hidden treasure within the Naga Hills. Visitors experience a scenic, remote hike through untouched villages, offering authentic local hospitality on the way to this historic site.",Cultural/Historic Site,,Free,Longfom Village,7
Delhi to Leh HRTC Local Bus Journey,Multiple,"Delhi, Himachal Pradesh, Ladakh","Embark on an intense and unforgettable 36-hour HRTC local bus journey from Delhi to Leh, traversing the iconic Leh-Manali Highway for an authentic and extreme travel experience.",Activity,June to mid-September,Budget-friendly,Delhi,7
Remote Indian Village,,,"Experience deep cultural immersion and genuine local hospitality in a remote village, where friendly villagers welcome visitors into their homes, offering an authentic and unforgettable experience far from mainstream tourist routes.",Activity,,Budget-friendly,Delhi,7
Dras,Kargil,Ladakh,"Visit Dras, recognized as the world's second coldest inhabited place and the primary battleground of the Kargil War. Experiencing its high-altitude, harsh conditions firsthand offers a unique understanding of the immense difficulty and bravery of the soldiers involved in Operation Vijay.",Cultural/Historic Site,,Moderate,Kargil,3
Evening Music Session at a small Dhaba near Kargil War Memorial,Kargil,Ladakh,"Enjoy a beautiful and authentic evening music session at a small dhaba situated directly opposite the Kargil War Memorial, an informal gathering where soldiers sometimes join, creating a memorable local interaction.",Activity,Evening,Budget-friendly,"Kargil War Memorial, Dras",4
Chirai Beach,Diu,Daman and Diu,"An adventurous destination accessible by crossing the sea with your vehicle, it offers scenic drives with water on both sides of the road, leading to beautiful sunset views over the ocean.",Natural Landmark,Evening,Free,Diu,4
Hostel Skill-Exchange Stay,Not Specified,Not Specified,"Experience a unique and budget-friendly way to travel by exchanging your skills, such as photography, for free accommodation at a hostel. It offers an authentic immersion experience.",Activity,,Budget-friendly,Any major city with hostels,6
Rose Festival,,,"An engaging festival where one can volunteer in shops, enjoy diverse stalls, and attend evening concerts while indulging in treats like candy floss. It's a place for unexpected connections.",Event/Festival,Evening,Budget-friendly,,3
Unspecified Beautiful Spot in Nagaland,,Nagaland,"A stunning destination accessible via a challenging 12-hour road journey, promising to reveal the untouched beauty of Nagaland.",Natural Landmark,,Moderate,Nagaland,9
Alleppey's Backwaters (Public Ferry),Alappuzha,Kerala,"Experience the serene backwaters of Alleppey through an affordable and authentic public ferry ride, offering a unique perspective compared to the more expensive private options.",Natural Landmark,,Budget-friendly,Alleppey,6
Backwater Tea Experience,Alappuzha,Kerala,"Enjoy a uniquely refreshing tea experience by standing surrounded by water within the tranquil backwaters, creating a distinct and memorable moment.",Activity,,Budget-friendly,Alleppey,3
Dharamshala and Gurudwara Network for Budget Travel,,India,"Utilizing the widespread network of Dharamshalas and Gurudwaras provides an incredibly affordable and authentic way to travel across India, offering free or very low-cost accommodation and a chance to experience local hospitality.",Activity,,Free,India,7
Hampi Sunsets,Vijayanagara,Karnataka,"Witness breathtaking and tranquil sunsets that are deemed incredibly difficult to surpass, even compared to those at popular sea or Himalayan locations. The experience is enhanced by the timeless ambiance of ancient ruins.",Activity,In the right season,Free,Bangalore,7
Japan's Largest Electronic Store,Tokyo,,"A veritable heaven for tech and anime enthusiasts, this massive store boasts an extensive collection of cool gadgets and anime merchandise, offering surprising deals and a deeply satisfying experience for its target audience.",Activity,,Moderate,Tokyo,6
Hilltop Sunset Viewpoint (Udaipur),Udaipur,Rajasthan,"A specific hilltop location near Udaipur that offers an exceptionally beautiful sunset experience, considered 'one of the best sunsets' by the narrator, accessible after a short drive and a moderate 15-minute hike.",Natural Landmark,Sunset,Free,Udaipur,7
Ziro Valley,Lower Subansiri,Arunachal Pradesh,"A naturally beautiful region, perceived as a 'lovely place' just by its name. The speaker's lack of other specific reasons to visit, beyond its famous music festival, implies it's not a widely known general tourist destination.",Natural Landmark,,Budget-friendly,Ziro,3
Ziro Music Festival,Lower Subansiri,Arunachal Pradesh,"An 'excellent music festival in India' that serves as the singular, compelling reason for the speaker to undertake a challenging journey to Ziro. While 'very good,' its location in a less-mainstream area suggests a unique, off-the-beaten-path experience.",Event/Festival,,Moderate,Ziro,3
The Cave,,,"Features perfect light falling on meditation spots through a hole in the hill, creating a stunning scene reminiscent of a movie.",Cultural/Historic Site,,,Shiv Aapke W,6
Ladakh Winter Adventure (Frozen River Trek),Leh,Ladakh,"Embark on an extreme adventure walking on frozen rivers and embracing the biting cold of Ladakh in its peak winter, a thrilling challenge for those who seek unique experiences and enjoy pushing their limits.",Activity,Peak Winter,Moderate,Delhi,6
Dawn Homestay,,Nagaland,"This homestay offers a unique, deeply personal experience, fostering a home-like atmosphere and a sense of family among guests. Visitors can enjoy authentic cultural immersion through activities like shared cooking (e.g., dosa, shark sukha) and engaging storytelling around a fire, providing peaceful moments often overlooked by mainstream tourism.",Activity,,Budget-friendly,Dzukou Valley,7
Christmas Celebration in a Naga Village Church,Kohima District,Nagaland,"Experience an authentic and local Christmas celebration featuring vibrant singing, dancing, and a communal feast shared with villagers, offering a genuine cultural immersion far from mainstream festivities.",Event/Festival,Christmas season,Free,Kohima,6
Japanese-style Starbucks,,Japan,"Experience a unique Starbucks where you can enjoy coffee while sitting on traditional tatami mats on the ground, offering an authentic Japanese twist to a global coffee experience.",Food Joint,,Moderate,Japan,3
Mount Fuji's Undiscovered Viewpoints,Mount Fuji Area,"Yamanashi / Shizuoka Prefectures, Japan","Discover unique, less-known vantage points offering unparalleled views of Mount Fuji, promising a sight unlike anything typically experienced by tourists, especially when popular spots fail to deliver a clear view.",Natural Landmark,,Budget-friendly,Mount Fuji,8
Japan's Highest National Road,,Japan,"Experience breathtaking panoramic views of majestic mountains, often above the clouds, providing an unparalleled sunset spectacle from high altitude.",Natural Landmark,Sunset,Budget-friendly,Japanese Alps,3
Juari Valley,,Goa,"This captivating valley, previously unknown to the speaker, was discovered through an internet picture. Its scenic beauty compelled an immediate visit, offering a unique trekking experience along its natural paths.",Natural Landmark,,Budget-friendly,Panaji,6
Mystery Prize Vending Machine,,,"Discover a unique vending machine experience in Japan, where for 1000 JPY, you can try your luck at winning a random prize, ranging from an iPhone to a digital watch, offering a fun and unpredictable thrill.",Activity,,Moderate,Japan,3
Longwa Village,Mon,Nagaland,"Experience a truly unique cultural immersion in this border village where the international boundary between India and Myanmar remarkably passes through the local King's house. Engage with warm, hospitable locals and witness a rare geographical phenomenon firsthand.",Cultural/Historic Site,,Budget-friendly,"Mon, Nagaland",6
Majuli,Majuli,Assam,"An idyllic and peaceful river island, offering lush greenery and serene beauty reminiscent of ancient, pristine villages. It provides a unique escape into nature and local culture.",Natural Landmark,,Budget-friendly,Assam,4
Off-trail Kyoto Viewpoint near Fushimi Inari,Kyoto,Kyoto Prefecture,"Discover an authentic and beautiful panoramic view of Kyoto by venturing off the well-trodden paths around the famous Torii gates, offering a peaceful and scenic alternative to the main temple trail.",Natural Landmark,,Free,Fushimi Inari Taisha,4
Nara Park,Nara,Nara Prefecture,"Encounter wild deer that roam freely and even politely bow for rice crackers, creating a heavenly and dreamlike experience, especially enchanting during the golden evening light.",Natural Landmark,Evening (golden light),Budget-friendly,Nara,6
Night Carnival,Kohima,Nagaland,"A surprisingly cool and beautiful kilometer-long night carnival, bustling with food stalls, refreshments, and games, offering an unexpected and vibrant experience in Nagaland.",Event/Festival,Evening,Budget-friendly,Kohima,7
Authentic Nagaland Settlement (implied from 'its free down'),,Nagaland,"An unexpectedly captivating place in Nagaland where the traveler formed strong personal connections, extended their stay from an intended two days to six, and felt no desire to leave, cherishing the authentic experience despite cultural and language barriers.",Cultural Immersion,December,Budget-friendly,Nagaland,6
Shri Vijay Vithala Temple,Vijayanagara,Karnataka,"Visit this temple for its incredible ancient architecture, including the famous musical pillars, and to experience a profound sense of stepping back in time.",Cultural/Historic Site,Early morning,Budget-friendly,Hampi,3
Unique Japanese Sake Bar Alley,Shinjuku,Tokyo Prefecture,"Experience authentic Japanese sake in a uniquely traditional setting, characterized by small, intimate bars tucked away in an alley.",Food Joint,Night,Moderate,"Shinjuku, Tokyo",3
Kaike (Tokyo),Tokyo,Tokyo Prefecture,"Discover a location in Tokyo that offers a profoundly memorable night out, leaving a lasting impression on visitors.",Activity,Night,Moderate,Tokyo,4
Aogashima,Izu Islands,Tokyo Prefecture,"A unique volcanic island, home to a rare volcano-within-a-volcano formation—the only one of its kind globally. Visitors enter through a long tunnel to a 'magical world' where food is cooked using geothermal steam.",Natural Landmark,,Moderate,Tokyo,8
Kamakura Koko-mae Station Railway Crossing,Kamakura,Kanagawa,"This iconic railway crossing, famously depicted in the Slam Dunk anime opening, offers a profoundly satisfying and scenic experience by the sea that evokes strong positive emotions words cannot fully express.",Cultural/Historic Site,,Free,Kamakura,5
Kid Waterfall,,,"Discover this adventurous waterfall that remains hidden until you are very close. Reaching it requires navigating through narrow paths and climbing rocks, offering a unique and rewarding view for those who make the effort.",Natural Landmark,,Free,,8
Rural Mountainous Japan (via Bus Journey),,,"Explore Japan's authentic, less-traveled mountainous regions, offering scenic views and a unique perspective often missed when using high-speed trains. This mode of travel provides a deeper connection with the country's natural landscape.",Activity,,Budget-friendly,Tokyo,6
Baba's Musical Gathering in Leh Market,Leh,Ladakh,"Experience an unparalleled peaceful atmosphere created by Baba's spontaneous guitar music and singing, where people naturally join in, offering a unique and deeply personal highlight.",Activity,Evening,Free,Leh Market,7
Udupi,Udupi,Karnataka,"This coastal city serves as the destination for a unique, two-week road trip from Delhi, transforming a quick journey into a leisurely, exploratory adventure for a friend's wedding. The travel style implies a more immersive and less rushed way to experience distant places.",Cultural/Historic Site,,,Delhi,3
Zanskar's Largest Monastery,Zanskar,Ladakh,Experience breathtakingly beautiful panoramic views after a challenging yet rewarding climb to the top of Zanskar's largest monastery.,Cultural/Historic Site,,Budget-friendly,Zanskar,3
Snow Leopard Sighting/Tracking,Kargil,Ladakh,"Engage in the thrilling and rare opportunity to witness majestic snow leopards in their natural, snowy habitat.",Activity,Winter,Moderate,Kargil,3
Indo-Myanmar Border Village (Ka Ex-am),Not specified,Manipur,"Experience a unique village life where the international border of India and Myanmar literally passes through the middle of the settlement, offering a rare glimpse into cross-border daily routines and local culture amidst a peaceful, less-touristy environment.",Cultural/Historic Site,,Budget-friendly,Indo-Myanmar Border,4
Zanskar Valley,Zanskar,Ladakh,"A truly remote valley in Ladakh, offering an exciting and authentic travel experience away from the usual crowds, promising captivating natural beauty.",Natural Landmark,,Budget-friendly,Kargil,3
Rang-Rum Glacier,Zanskar,Ladakh,"An incredibly massive and awe-inspiring glacier, potentially the second largest in Ladakh after Siachen, stretching 23 kilometers and offering a breathtaking natural spectacle.",Natural Landmark,,Free,Zanskar,6
Suicide Forest of Japan,,Yamanashi Prefecture,"Experience an eerily beautiful forest with uniquely distinct trees, providing a thought-provoking journey into a place with an infamous history. It offers a contrasting beauty against its solemn reputation.",Natural Landmark,,Free,Mount Fuji,3
Chadar Trek,Zanskar,Ladakh,"Walk on a historic 1000-year-old frozen river path, which serves as a vital lifeline for the isolated Zanskar region during winter. It offers a peaceful and authentic journey through a stunning, snowy landscape, with hints of secret spots along the way.",Activity,Winter (when the river is frozen at -15 degrees Celsius),Moderate,Leh,4
Poo Village,Leh District,Ladakh,"A secluded village in Ladakh renowned for offering exceptionally easy sightings of snow leopards, animals notoriously difficult to find in the wild. It attracts many international wildlife enthusiasts for this unique and rare viewing opportunity.",Natural Landmark,,Moderate,Ladakh,6
Singrap Village Viewpoint,Shimla,Himachal Pradesh,"Discover an amazing viewpoint, described as a 'dreamland,' offering a magical sunrise experience that was discovered by chance, making it a truly unique find.",Natural Landmark,Sunrise,Free,Kifri Town,8
Beautiful Sunset in Jaipur,Jaipur,Rajasthan,"Experience a serene evening sunset, a moment described as bringing happiness to everyone present, offering a delightful and memorable end to the day.",Natural Landmark,Evening,Free,Jaipur,2
Chhath Puja,Munger,Bihar,"Experience the deeply spiritual and cultural Chhath Puja festival in an authentic and immersive way by staying with a local family. Enjoy traditional homemade delicacies like Kaddu Bhaat and Thekua, and feel a profound sense of belonging and hospitality amidst a wedding-like atmosphere.",Event/Festival,,Budget-friendly,Munger,6
Casual Manipuri Festival,Imphal,Manipur,"Engage in a local festival to experience Manipur's rich and distinct culture, which stands out as significant compared to other Seven Sisters states.",Event/Festival,,Budget-friendly,Imphal City,4
Local Home-cooked Manipuri Food Experience,Imphal,Manipur,"Savor authentic and very tasty Manipuri cuisine prepared and served in a local home, offering an immersive cultural and culinary journey.",Activity,,Budget-friendly,Imphal City,3
Local Sightseeing in Imphal,Imphal,Manipur,"Discover Imphal City through the unique perspective of a local guide, ensuring an authentic and in-depth exploration beyond typical tourist routes.",Activity,,Budget-friendly,Imphal City,3
Dedicated Bicycle Underpasses,Kyoto City,Kyoto Prefecture,"Experience Japan's exceptionally developed urban cycling infrastructure, featuring dedicated underpasses that highlight a unique and highly organized approach to urban mobility, often overlooked by visitors.",Activity,,Free,Kyoto,6
Gatang Gali,Uttarkashi,Uttarakhand,"Explore this recently reopened 150-year-old historic bridge, which once served as a vital link between Uttarakhand and Tibet and holds significance from the 1962 India-China War.",Cultural/Historic Site,,Budget-friendly,Gangotri,6
Tapovan Art Gallery,Uttarkashi,Uttarakhand,"Delve into the fascinating life and stunning Himalayan photography of Swami Sunderanand Ji, a revered yogi and artist, through his preserved works and personal belongings.",Cultural/Historic Site,,Budget-friendly,Gangotri,3
Gokarna,Uttar Kannada,Karnataka,"Visit Gokarna for its tranquil, less-crowded beaches with available food and drink facilities, offering a peaceful escape from mainstream tourist spots.",Natural Landmark,,Budget-friendly,Goa,4
Balaghat Boat & Music Experience,Balaghat,Madhya Pradesh,"Experience authentic local music on a peaceful boat ride, offering profound tranquility and a serene escape. It brings deep peace to the mind and soul, a stark contrast to noisy, mainstream locations.",Activity,,Budget-friendly,Banaras,3
Japanese Themed Local Train,,,"Embark on a special local train journey in Japan that brings the unique aesthetic of a traditional Japanese room directly into its compartments, providing an immersive and surprising cultural experience without requiring any extra ticket fees beyond the standard fare.",Activity,,Budget-friendly,Japan,6
Dras,Kargil,Ladakh (UT),"Known as India's coldest inhabited place, visitors can experience extreme sub-zero temperatures (around -25°C) and witness the unique phenomenon of water freezing instantly when thrown in the air.",Natural Landmark,Winter (when temperatures are around -25°C),Free,Kargil,1
Hello Kitty Shinkansen,,,"Embark on a unique bullet train journey themed entirely around Hello Kitty, complete with special playing rooms, themed merchandise like candies and toys, and attentive hosts ensuring a delightful experience.",Activity,,Moderate,Japan,3
Kumbh Mela at Sangam,Prayagraj,Uttar Pradesh,"Experience a profound sense of unity and collective energy where millions gather. Despite common negative perceptions about the river's condition, the deep spiritual devotion and communal spirit at the confluence can be transformative, evoking an electrifying feeling that transcends even skeptical views.",Event/Festival,,Free,Prayagraj,6
पाताल गुफा (Patal Gufa),Uttarkashi,Uttarakhand,"An intriguing 12-foot deep cave nestled in a hidden spot amidst dense jungles, requiring a rope to identify the path. It is considered the most interesting among the many caves in the Gangotri region and offers a unique, crazy exploration experience.",Natural Landmark,,Free,Gangotri,9
Unnamed Mountain Lodge on Uttarkashi-Gangotri Route,Uttarkashi,Uttarakhand,"An unexpected, serene stopover in a small mountain lodge due to heavy snowfall, offering an authentic and unique Himalayan experience that transforms initial travel challenges into moments of profound peace and unexpected beauty.",Activity,Winter (specifically during heavy snowfall),Budget-friendly,Uttarkashi,4
Hitchhiking with Kashmiri Truckers,,Jammu and Kashmir,"Experience an authentic and unique journey through the region, encountering unexpected hospitality from local truckers. What might start as a quiet ride can transform into a memorable and delightful interaction, highlighting the genuine warmth of the Kashmiri people.",Activity,,Free,Kashmir Valley,3
Mokokchung Night Market,Mokokchung,Nagaland,"Experience a vibrant, high-energy night market that transforms into a lively football-watching party during major events like FIFA. Roads are closed, a large screen broadcasts matches, and live bands add to the 'crazy atmosphere.' Participate in unique games where you can win local prizes like trays of eggs, chicken, or fish, offering a truly authentic and non-mainstream experience.",Event/Festival,Night (during football events),Budget-friendly,Mokokchung,6
Thiksey Monastery,Leh,Ladakh,"Experience profound tranquility at this majestic monastery, particularly at sunset when the temple lights illuminate the serene Maitreya Buddha, creating a truly memorable and peaceful atmosphere that encourages visitors to linger.",Cultural/Historic Site,Sunset,Budget-friendly,Leh,3
Double Decker Living Root Bridge,East Khasi Hills District,Meghalaya,"Experience a natural wonder where an entire bridge is crafted from living tree roots, which continuously strengthen over time, offering a truly unique and breathtaking natural spectacle, built without any steel.",Natural Landmark,,Budget-friendly,Cherrapunji,6
Local's Secret Viewpoint for Tiger Hill,Dras,Ladakh,"Discover a unique vantage point, revealed by a local, offering the most spectacular and strategic views of Tiger Hill. This spot provides an unparalleled perspective on the historical Kargil War and the immense challenges faced by soldiers.",Natural Landmark,,Free,Dras,5
IRCTC E-catering Service (on Indian Railways),New Jalpaiguri,West Bengal,"Discover the unexpected convenience of having hot, fresh meals like Domino's pizza delivered directly to your train seat, enhancing long journeys with surprising comfort.",Activity,,Budget-friendly,New Jalpaiguri Railway Station,6
Ima Market (Mother's Market),Imphal,Manipur,"Explore the world's largest all-women run market, a vibrant hub where only women manage all operations. Discover a wide array of goods including fresh vegetables, fruits, toys, and spices, offering a truly unique cultural shopping experience.",Cultural/Historic Site,,Budget-friendly,Imphal,4
Muharram Procession,Kargil,Ladakh,"Witness a deeply moving and culturally significant religious procession, offering a profound glimpse into local traditions and community spirit during Muharram, an event often overlooked by mainstream tourism.",Event/Festival,During Muharram (specific date varies annually based on the Islamic calendar),Free,Kargil,4
Local Home Hospitality,Kargil,Ladakh,"Experience the unparalleled warmth and genuine generosity of local residents, including being invited into a home for a homemade meal. This offers an authentic, personal connection to the local way of life, especially valuable when other facilities are closed.",Activity,"Anytime, particularly during local holidays or challenging travel conditions",Free,Kargil,4
Narmada Parikrama,,Madhya Pradesh,"Embark on a profound spiritual journey around the Narmada River, where you can experience unique encounters with human kindness and an authentic connection to local life, far removed from typical tourist experiences. The speaker highlights an unforgettable experience of receiving selfless care during this challenging pilgrimage.",Activity,Early 2023 (implying cooler months like winter/early spring),Budget-friendly,Amarkantak,3
Dimapur Night Market,Dimapur,Nagaland,"Experience a vibrant atmosphere with a variety of games, gambling, and an abundance of food, giving off a lively vibe reminiscent of a smaller version of Thailand's famous markets.",Event/Festival,Night,Budget-friendly,Dimapur,6
Ellora Caves,Aurangabad,Maharashtra,"Witness the awe-inspiring 34 rock-cut caves, a UNESCO World Heritage Site, showcasing ancient Indian architecture with Jain temples, Buddhist monasteries, and the magnificent Kailasa Temple. The grandeur and precision of these thousands-year-old structures, carved from solid rock, are truly remarkable and demonstrate the high level of ancient Indian civilization's wealth and prosperity.",Cultural/Historic Site,,Budget-friendly,Aurangabad,6
Tokyo Skytree,Sumida City,Tokyo Prefecture,"Experience stunning panoramic views of Tokyo from Japan's tallest building, particularly captivating during golden hour when the city's 'concrete jungle' transforms into an unexpectedly beautiful vista, far exceeding initial expectations.",Cultural/Historic Site,Golden Hour,Moderate,Tokyo,6
"Narmada River Ghat, Omkareshwar",Khandwa,Madhya Pradesh,"Experience a profound and serene connection with the Narmada River, where the natural breeze provides immense peace and comfort, offering a spiritual reprieve from everyday life.",Natural Landmark,Night,Free,Omkareshwar,6
Local Sweets and Halwa at Narmada River Bank,Khandwa,Madhya Pradesh,"Discover an unexpected abundance of local sweets and halwa directly by the Narmada river, a simple yet deeply satisfying culinary experience that fulfills hunger and brings joy.",Food Joint,Evening,Budget-friendly,Omkareshwar,6
Overnight Open-Air Stay on Omkareshwar Narmada River Ghat,Khandwa,Madhya Pradesh,"Embrace a unique, free-spirited overnight stay directly on the ghat, where the natural night breeze delivers unmatched comfort and peace, surpassing the luxury of modern air-conditioned rooms.",Activity,Night,Free,Omkareshwar,7
Gomukh,Uttarkashi,Uttarakhand,"A sacred glacial snout, revered as the source of the Bhagirathi River (Ganga). It offers a unique opportunity for a deeply personal and spiritual journey, providing a setting for introspection and profound emotional release amidst majestic natural beauty.",Natural Landmark,,Moderate,Gangotri,3
Solapur,Solapur,Maharashtra,"A city that serves as the backdrop for an unexpected and heartwarming encounter, where a generous local hints at authentic, enjoyable spots on its outskirts, suggesting opportunities for less-touristy exploration.",Activity,,,,3
Narnia-like Winter Wonderland Trek,,,"Embark on a challenging multi-day trek through a pristine, snow-covered landscape that unfolds into a magical winter wonderland, offering breathtaking views so spectacular they evoke the mythical beauty of Narnia.",Natural Landmark,Winter/Snow season,Moderate,,7
Jungle Trek with 3000+ Stairs and Challenging Bridge,,,"Experience an adventurous journey through dense jungles, featuring a challenging bridge crossing and a rigorous climb of over 3000 stairs to exit the wilderness, offering a uniquely authentic and demanding experience.",Activity,,Free,,3
Padum,Zanskar (Kargil),Ladakh,"A remote and authentic high-altitude destination in the Zanskar Valley, offering a tranquil experience away from mainstream tourism. Reaching it involves significant trekking due to limited transport options, allowing for an immersive journey.",Cultural/Historic Site,,Moderate,Zanskar Valley,3
Gangotri,Uttarkashi,Uttarakhand,"A sacred pilgrimage site located at the source of the holy Ganges River, offering unique and time-sensitive photographic opportunities, essential for artistic or literary projects.",Cultural/Historic Site,,Free,Rishikesh,3
Nara Park (Deer Interaction & Cultural Sites),Nara,Nara Prefecture,"Encounter uniquely friendly, bowing deer that roam freely throughout the park, offering a dream-like interaction. The area also holds significant historical value as Japan's first recognized capital and houses UNESCO World Heritage Sites, including ancient temples, making it a culturally rich experience.",Cultural/Historic Site,,Budget-friendly,Nara Station,3
Aoniyoshi Limited Express Train,N/A,Nara and Kyoto Prefectures,"Experience a luxurious and unique train journey, featuring special compartments, comfortable twin seats, and even an onboard bar. This train offers superior amenities and a distinctive travel experience, considered by the speaker to be better than Japan's famous bullet trains.",Activity,,Moderate,"Nara Station, Kyoto Station",7
Mughal Road (Old route out of Srinagar),Kashmir region,Jammu and Kashmir,"Experience an adventurous journey through a less-traveled, single-lane old route, often necessitated by closures on main highways, offering a unique perspective of the region's challenging terrain.",Activity,,Moderate,Srinagar,3
Stone Skimming/Skipping in Kashmir River,Kashmir region,Jammu and Kashmir,"Engage in a simple yet delightful pastime by the rivers of Kashmir, searching for perfectly flat stones to skip across the water, a truly authentic and unscripted local activity.",Activity,,Free,Kashmir,3
Ludhiana Butter Chicken (from Keshav's preferred Dhaba),Ludhiana,Punjab,"Savor what a food enthusiast declares as the best butter chicken, renowned for its unparalleled taste and local authenticity, making it a must-visit culinary spot in Ludhiana.",Food Joint,,Budget-friendly,Ludhiana,6
Isolated Beach in Gujarat,,Gujarat,"A serene and uncrowded beach, perfect for relaxation and enjoying peaceful moments away from the typical tourist spots.",Natural Landmark,,Budget-friendly,Gujarat Coast,9
Back-cutting Adventure Across India,,,"An immersive 100-day journey across India focused on connecting with and appreciating the lives of 12 individuals, offering a unique, non-mainstream travel experience that prioritizes deeper connections over typical tourist routes.",Activity,,Budget-friendly,India,3
Amma Village,,Nagaland,"Experience the authentic charm of Nagaland's second-largest village, Amma, known for its unexpectedly wide roads and the exceptional warmth and generosity of its locals. Visitors will discover significant adventure and heartfelt hospitality by venturing off the typical tourist path.",Cultural/Historic Site,,Budget-friendly,Nagaland,9
Zanskar Valley,Zanskar,Ladakh,"An awe-inspiring region characterized by its dramatic snowy landscapes, unique roadside natural formations, and ancient monasteries. It offers breathtaking views that compel visitors to stop and soak in its beauty, earning it the poetic moniker 'The Land of White Coffee' due to its pristine, snow-covered vistas.",Natural Landmark,Winter,Moderate,Leh,7
Gangotri,Uttarkashi,Uttarakhand,"Experience the spiritual and natural wonder of the Ganga River's origin, a significant pilgrimage site offering a profound journey away from mainstream tourist activities.",Natural Landmark,,Moderate,Rishikesh,3
Isolated Farm Retreat,Rural Hinterlands,Indian Subcontinent,"Discover a truly secluded and non-mainstream escape where conventional transportation is non-existent, offering an adventurous challenge and an immersive experience in the heart of remote rural life, complete with 'non-existent' roads that require resourcefulness and local ingenuity to navigate.",Accommodation,,Budget-friendly,Nearest Rural Taxi Stand,3
Rakhi Wholesale Shop,Mumbai,Maharashtra,"Discover a vast collection of Rakhis with 400-500 diverse designs, offering options from ₹1 to ₹5000. It's an authentic place for bulk purchasing and exploring unique cultural items, especially for those interested in the festival of Raksha Bandhan.",Activity,,Budget-friendly,"Suti Hotel, Bhuleshwar",2
Jaipur Live Event,Jaipur,Rajasthan,An official book launch event for 'Mellowdy of India' where attendees can meet the authors and interact with them during their all-India camper van tour.,Event/Festival,Tomorrow (from the video's perspective),Budget-friendly,Jaipur,0
Hampi,Vijayanagara,Karnataka,"Hampi is a historical and mysterious site, home to the iconic Stone Chariot featured on the 50 Rupee note. It is far more than just ancient ruins; it was once the world's second-largest city during the Vijayanagara Empire, a scale you can still vividly imagine today. The area offers numerous activities and beautiful sunsets, making it an excellent destination for a 4-5 day immersive visit.",Cultural/Historic Site,,,Hampi,5
Mon,Mon,Nagaland,"The journey to Mon offers an authentic experience, marked by the challenge of securing a bus ticket that isn't readily available and the profound hospitality of the local people in Nagaland.",Cultural/Historic Site,,Budget-friendly,Nagaland,3
Gurdwara Taland Sahib (Accommodation & Langar Experience),Not specified,Punjab,"Experience free community accommodation and Langar (communal meal), offering a peaceful and authentic cultural immersion into Sikh hospitality, witnessing early morning prayers.",Cultural/Historic Site,Early morning to observe prayers; any time for community meals and stay.,Free,"Ludhiana, Punjab",3
Learn Lab in Fatehpur Village,Not specified,Punjab,"Engage with local children learning 21st-century skills and spoken English in a unique community-driven educational initiative, offering a deep dive into rural Punjabi life and culture.",Cultural/Historic Site,After school hours when children are present.,Free,"Ludhiana, Punjab",6
Rural Football Training & Culture Revival,Not specified,Punjab,"Witness or participate in the passionate revival of football in rural Punjab, where dedicated coaches train children and adults across various age groups, promoting fitness and sportsmanship early mornings, offering a refreshing alternative to mainstream sports.",Activity,Early mornings (around 5:30 AM for practice sessions).,Free,"Chakmafi Village, Punjab",7
An Ashram (on the road),,,"Experience selfless hospitality and find free, simple meals (like potato, sago, and halwa) in a spiritual atmosphere, amidst the chanting of Ram's name. It offers a unique insight into India's cultural ethos of feeding travelers.",Cultural/Historic Site,,Free,,4
Cycling in Tokyo,Tokyo,Tokyo Prefecture,"Experience the exceptionally organized and safe cycling culture of Tokyo, featuring dedicated lanes and courteous locals who prioritize cyclists. It offers a peaceful and effective way to explore the city, distinguishing it from typical tourist transportation.",Activity,,Budget-friendly,Tokyo,3
World's Largest Uniqlo,Tokyo,Tokyo Prefecture,"Explore a massive 12-floor Uniqlo store, offering an extensive range of apparel. It's a unique shopping destination due to its unparalleled size and the potential for significantly lower prices compared to other countries.",Activity,,Moderate,Tokyo,0
Small Village in Madhya Pradesh,,Madhya Pradesh,"Experience profound human connection and warmth, where locals welcome you like family, offering a unique insight into the heart of India.",Cultural/Historic Site,,Budget-friendly,Madhya Pradesh,4
Trekking from Manali to Ladakh via Five High Himalayan Passes,Manali,Himachal Pradesh,"Embark on a challenging 10-12 day pedestrian journey across five high Himalayan passes, an arduous adventure designed for personal transformation.",Activity,,Moderate,Manali,1
Pura Town and Garo Tribal Villages,Garo Hills,Meghalaya,"Discover the very unique culture of the Garo tribe in this remote area, where inhabitants live in traditional raised bamboo huts and worship nature, offering an authentic and profound cultural experience away from typical tourist trails.",Cultural/Historic Site,,Budget-friendly,Shillong,7
Irani Cafes,Mumbai,Maharashtra,"These traditional establishments offer a unique cultural experience, deeply rooted in Mumbai's history, making the speaker want to extend his stay due to his fondness for them.",Food Joint,,Budget-friendly,Mumbai,3
Frozen Waterfall on Chadar Trek,Leh District,Ladakh,"A breathtaking 100-foot-tall waterfall completely frozen due to extreme temperatures, creating a real-life Narnia-like spectacle during the challenging Chadar Trek.",Natural Landmark,Winter months (January-February),Free,Leh,7
Mama's Chicken Shop,Safdarjung,Delhi,"Visit for the best chicken in Delhi, offering an incredibly delicious and satisfying meal at an affordable price of just ₹50 per plate.",Food Joint,,Budget-friendly,Delhi,3
Slow Living Road Trip (Udupi to Jabalpur Route),Udupi,Karnataka,"Embrace the joy of an extended road trip focused on slow living. Discover beautiful sunsets and find contentment in the journey itself, a refreshing alternative to hurried travel.",Activity,,Moderate,Udupi,6
Mata Ji's Jungle Hermitage (Kutiya),Uttarkashi,Uttarakhand,"Discover a profoundly authentic spiritual experience at a unique rock shelter hermitage located deep in the jungle near Gangotri. It houses 108 idols of Lord Hanuman and offers a warm, familial connection with the resident ascetic, Mata Ji, in an unforgettable setting unlike any other.",Cultural/Historic Site,,Free,Gangotri,7
Desolate Village Hotel Experience (100-year-old Japanese House),Unnamed Village,Hiroshima Prefecture,"An unconventional and heartwarming stay in a 100-year-old renovated Japanese house, part of a unique village concept where the entire locality functions as a hotel. It offers a warm, homely, and authentic experience away from typical tourist crowds, with a unique check-in process including selecting a book from a library.",Cultural/Historic Site,,Budget-friendly,Hiroshima,7
Orazaki Coast,Unnamed Village,Hiroshima Prefecture,"A pristine, non-touristy coastal area perfect for witnessing a beautiful sunset and experiencing local life, far from the usual tourist spots. It offers a peaceful atmosphere where you can feel truly immersed in a different side of Japan, away from English-speaking crowds.",Natural Landmark,Sunset,Free,Hiroshima,7
Tea Leaf Foraging Hike,Unnamed Village,Hiroshima Prefecture,"A unique morning activity offered as part of the local hostel experience, involving a hike in the local countryside to collect tea leaves. It provides an authentic connection to nature and a glimpse into traditional local customs.",Activity,Morning,Budget-friendly,Hiroshima,3
Hornbill Festival,Kohima District,Nagaland,"Experience an unparalleled cultural immersion where all Naga tribes converge annually to showcase their vibrant traditions, colorful attire, lively performances, and a rich array of local delicacies like bamboo tea and rice beer. The festival truly comes alive with captivating music events as the sun sets, creating an atmosphere of profound joy and cultural pride.",Event/Festival,December 1st to 10th,Moderate,"Kohima, Nagaland",7
"Grace Academy, Sargam Village",Geyzing,Sikkim,"An educational institution (Nursery to Class 5) operating in a remote, small village, run with immense passion by teachers and a principal who uses personal funds. It provides essential education to children in a resource-constrained environment, lacking digital labs, proper play areas, and adequate lighting, yet fosters a strong love for learning among students. It represents an impactful opportunity for support and community development.",Cultural/Historic Site,,Free,"Pelling, Sikkim",7
Sanflower Kurenai Ferry,Fukuoka,Japan,"Experience a luxurious overnight ferry journey connecting Fukuoka to Oita, featuring private balconies, a convenience store, a restaurant buffet, a public bath, and a comfortable lounge. It offers surprisingly opulent amenities and a time-saving, punctual alternative to train travel, providing scenic views across the Japanese sea.",Activity,Overnight (departs 7 PM),Moderate,Fukuoka,7
Varkala Backside Beaches,Thiruvananthapuram,Kerala,"These less-visited beaches offer a tranquil escape from the main tourist areas of Varkala, perfect for exploring and enjoying activities like surfing away from the crowds.",Natural Landmark,,Budget-friendly,Varkala,6
Kaveri Padyatra,,,"A unique walking journey along the Kaveri River, offering a chance for slow travel, introspection, and connecting with local life and nature.",Activity,,Budget-friendly,Along Kaveri River,3
Village Eatery,,,"Experience authentic, budget-friendly village hospitality with a full meal for just Rs. 35, where people offer food with genuine love and care, focusing on community over commercial gain.",Food Joint,Lunchtime,Budget-friendly,Villages along Kaveri River,3
Kala Jadu Camping Spot,,,"A serene and safe spot by the Kaveri River perfect for camping, offering a peaceful overnight stay amidst nature, chosen over traditional accommodations.",Activity,Evening/Night,Free,"Kala Jadu, along Kaveri River",3
Secret Viewpoint of Taj Mahal,Agra,Uttar Pradesh,"Discover an alternative, less-known vantage point that offers a stunning and arguably 'best' view of the Taj Mahal, particularly at sunrise, perfect for those seeking a unique perspective outside the main monument.",Activity,Sunrise,Free,"Taj Mahal, Agra",4
Lal Taj (Hessing's Tomb),Agra,Uttar Pradesh,"Explore a beautiful and photogenic historical site, known as Lal Taj or Hessing's Tomb, which is often overlooked by tourists but offers a unique glimpse into Agra's heritage beyond the main attractions.",Cultural/Historic Site,,Free,Agra,9
Raja Ji National Park (Night Walk Experience),"Haridwar, Dehradun",Uttarakhand,"Offers an intensely unique and profound experience, walking through dense forests at night under moonlight, revealing a raw and primal connection with nature. The narrator described this as a 'deeply shocking experience' unlike anything he has encountered in his life.",Natural Landmark,Night (for the unique experience described),Budget-friendly,"Rishikesh, Haridwar",7
Hundred Days of Journey (100 Days of Journey),Multiple,Across India,"A personal, 100-day quest to fully experience life by leaving Delhi and exploring, driven by the philosophy that life itself is the goal. This transformative journey is a long-held dream, something the narrator truly wants to experience, even without documenting it.",Activity,N/A,Moderate,Delhi (starting point),3
Amarkantak,Anuppur,Madhya Pradesh,"A revered pilgrimage site marking the sacred origin of the Narmada River, offering a tranquil and profound spiritual experience amidst natural beauty.",Cultural/Historic Site,,Budget-friendly,Amarkantak,3
Narmada Jayanti Bhandara,Anuppur,Madhya Pradesh,"An authentic community feast celebrated at the Narmada Temple, offering a unique opportunity to partake in local festivities and experience the spiritual significance of Narmada Jayanti.",Event/Festival,During Narmada Jayanti (typically January/February),Free,Amarkantak,3
Pandav Nritya Festival,Uttarkashi,Uttarakhand,"Experience a unique three-day village festival near Gangotri, where ancient rituals are performed, notably using pumpkin goats instead of live animal sacrifices. This celebration offers a rare glimpse into authentic local traditions with very few tourists present.",Event/Festival,,Budget-friendly,Gangotri,7
Gangotri (Extreme Winter Visit),Uttarkashi,Uttarakhand,"Embark on a unique and challenging spiritual journey to the sacred Gangotri temple amidst extreme winter conditions (around -15°C). This less-traveled experience, requiring specialized transport with snow chains, offers a deeply memorable adventure and a profound connection to the revered site.",Cultural/Historic Site,"Winter (specifically, extreme cold conditions)",Moderate,Uttarakhand Himalayas,5
Jhaal Sa,,,"A highly anticipated and favorite local snack, it serves as a playful personal reward and emotional anchor for the speaker, highlighting the cultural significance of food in daily life and offering a unique, authentic experience.",Food Joint,,Budget-friendly,,3
Ashram (along Narmada River),Khargone,Madhya Pradesh,"A large, peaceful spiritual retreat located along the Narmada River, offering free accommodation, food, and a chance for solitary bathing or swimming in the river, especially during early mornings before crowds gather.",Cultural/Historic Site,"Early morning for a peaceful experience, or colder seasons for the Narmada Parikrama.",Budget-friendly,Maheshwar,3
Narmada Parikrama,Khargone,Madhya Pradesh,"A significant spiritual journey involving walking the entire circumference of the Narmada River, offering an unparalleled opportunity for self-discovery, connecting with nature, and experiencing the incredible hospitality and wisdom of local communities, often without needing money. It's considered by some to be the 'biggest trip in the world' yet unknown in big cities.",Activity,"Colder seasons, particularly winter.",Free,Omkareshwar,7
Gufa Temple (Cave Temple),Khargone,Madhya Pradesh,"A truly unique and awe-inspiring temple built within a complex of natural caves, offering a raw and less-explored spiritual experience. Its 'dangerous' and untouched feel, combined with the extreme scarcity of visitors, makes it a hidden gem that the narrator had never seen before.",Cultural/Historic Site,,Free,Maheshwar,9
Ranjit Singh Dam Reservoir,Pathankot,Punjab,"An incredibly beautiful dam with an amazing backwater reservoir, ideal for a unique camping experience.",Natural Landmark,Night,Budget-friendly,Pathankot,4
Highway-side Dhaba & Camping Spot,Udhampur,Jammu and Kashmir,"An unexpectedly discovered, random spot along the highway offering an amazing sunset view and a chance for an authentic overnight stay and cultural immersion with a local dhaba owner.",Activity,Sunset/Night,Free,Udhampur,6
Mountain Road,,,"Experience a profoundly special and unique moment while driving on a rugged, rocky mountain road. Despite not being conventionally picturesque, the journey itself offers a deep, personal connection and makes the moment feel extraordinary.",Activity,,Budget-friendly,,6
Hornbill Festival,,Nagaland,A grand annual 'Festival of Festivals' where all tribes of Nagaland unite to celebrate and showcase their rich cultural heritage.,Event/Festival,"Annually, for 21 days",Moderate,Nagaland,0
Mount Japfü,Kohima,Nagaland,"Nagaland's second-highest peak, known for its challenging 'monster climber' ascent with almost 90-degree climbs at certain points, offering a magnificent sunrise view from the summit.",Natural Landmark,Start climbing at midnight to reach the peak by sunrise.,Budget-friendly,"Kohima, Nagaland",3
Nagaland,Various districts,Nagaland,"Discover one of India's most raw and untouched beautiful places. If you give it an open-hearted chance, you will fall in love with the state and its people.",Natural Landmark,,Moderate,Kohima,6
Janghai's Village,Not specified,Nagaland,"A remote village located in the Eastern side of Nagaland, accessible through extremely beautiful yet challenging roads where paved paths become scarce. It promises a truly authentic and untouched experience, fulfilling a craving for real, non-mainstream adventures.",Cultural/Historic Site,,Budget-friendly,Kohima,6
Chikmagalur,Chikmagalur,Karnataka,"Known as the Coffee Capital of India, this region offers an incredibly amazing experience with its dreamy, misty landscapes, scenic drives through clouds, unexpected epic views, and a feeling of being in an untouched, serene natural paradise. It's a place that continually surprises visitors with its beauty, reminiscent of Kashmir or the Andaman Nicobar Islands.",Natural Landmark,"When the weather is cool and misty, perfect for driving through clouds and enjoying the cold air.",Budget-friendly,Mangalore,7
Panduranga Coffee,Chikmagalur,Karnataka,"An iconic local coffee shop providing an immersive and educational experience where visitors can learn about the entire coffee process, from its discovery to harvesting, roasting, and different types of coffee, making it ideal for coffee enthusiasts.",Food Joint,Daytime business hours,Budget-friendly,Chikmagalur,2
Chikmagalur Coffee Plantations,Chikmagalur,Karnataka,"Explore vast, lush coffee plantations, offering 'Munnar vibes' with their greenery and cool, refreshing air. Visitors can witness coffee beans growing on trees alongside pepper plants, gaining insight into the cultivation process in an incredibly amazing natural setting.",Natural Landmark,"When the weather is cool and windy, ideal for walking through the green landscapes.",Free,Chikmagalur,6
Unnamed Waterfall,Chikmagalur,Karnataka,"A picturesque waterfall found amidst the scenic beauty of Chikmagalur. When combined with the misty weather, fog, and high altitude, it creates a mesmerizing and serene natural spectacle that requires a unique perspective to fully appreciate its subtle charm.",Natural Landmark,During misty and foggy weather conditions to enhance the visual experience.,Free,Chikmagalur,4
Unnamed Lake,Chikmagalur,Karnataka,"A tranquil lake, often shrouded in fog, adding a mysterious and serene element to Chikmagalur's natural landscape. Its low visibility contributes to its untouched and peaceful ambiance, forming part of the region's epic views.",Natural Landmark,"During foggy conditions to experience its unique, mysterious atmosphere.",Free,Chikmagalur,4
Gustor Spituk Gustor Festival,Leh,Ladakh,"Witness an incredible display of cultural diversity where hundreds gather, including international tourists, to see monks in large, traditional masks perform the captivating 'Chham' dance to authentic Ladakhi music. This festival offers a deep dive into the region's spiritual and cultural heritage.",Event/Festival,,Free,Leh,9
Turuk Village,Leh,Ladakh,"A unique village that stands out from the rest of Ladakh due to its distinct people, language, and landscape. Historically significant, it became part of India after the 1971 war, offering a beautiful natural setting with rivers and waterfalls.",Cultural/Historic Site,August (for local celebrations),Budget-friendly,"Leh, Ladakh",8
50 Years of Independence Festival,Leh,Ladakh,"A grand and colorful regional festival, much larger than anticipated, celebrating the 50th anniversary of Turuk and five other border villages becoming part of India. It features diverse cultural performances by 150 artists from across India.",Event/Festival,August (around India's Independence Day),Free,"Turuk Village, Ladakh",7
Turtuk - India's Last Village (Zero Point),Leh,Ladakh,"This is India's final village before the Pakistan border, offering a unique opportunity to view Pakistan with the naked eye from its 'zero point'. It's a significant and remote location known for its strategic importance and unique border experience.",Cultural/Historic Site,August (for local celebrations),Free,"Leh, Ladakh",8
Coastal Bicycle Journey from Kochi to Kanyakumari,Ernakulam,Kerala,"Embark on an adventurous and unique bicycle journey from Kochi, following the scenic coastal route all the way to Kanyakumari, promising a 'cool' and 'crazy' way to experience Southern India.",Activity,,Budget-friendly,Kochi,3
Interactive Dart Game with Locals,Ernakulam,Kerala,"Engage in an impromptu dart game with locals at Fort Kochi, fostering social interaction, personal growth, and creating a lively, 'fullsome' atmosphere with music and shared fun.",Activity,Evening,Budget-friendly,Fort Kochi,3
The Distinct Character of Kerala's Local Buses and Culture,,Kerala,"Experience the unique charm of Kerala's local buses, often without traditional windows, and immerse yourself in the vibrant, 'loud, colorful, and free' local culture, complemented by incredible food and music, which the traveler affectionately calls 'South India's Punjab'.",Cultural/Historic Site,,Budget-friendly,Kochi,4
Bithoor,Kanpur Nagar,Uttar Pradesh,"A profoundly significant pilgrimage site in Hinduism and history, Bithoor is home to Brahmavart Ghat (believed to be where Lord Brahma created the universe), the birthplace of Lord Rama's sons Lava and Kusha (featuring a unique Mother Janki temple without Lord Rama), and Maharishi Valmiki's Ashram where the Ramayana was written, complete with an ancient, self-renewing tree and Sita's kitchen. It also holds historical importance as the starting point of the 1857 Revolt. Despite its immense heritage, Bithoor is visibly neglected, offering a raw, authentic, and deeply spiritual experience away from mainstream tourist crowds.",Cultural/Historic Site,,Budget-friendly,Kanpur,7
Local Tea Stall in Bithoor,Kanpur Nagar,Uttar Pradesh,"A charming local tea stall in Bithoor that serves as a vital social hub, providing simple, comforting food options like tea, samosas, and pakoras in an area with limited dining choices. Visitors can experience genuine local hospitality and connect with the community through heartfelt interactions, a stark contrast to more commercial establishments.",Food Joint,"Morning (for breakfast), or throughout the day for snacks",Budget-friendly,"Valmiki Ashram, Bithoor",3
Swayamsevi Ganga Suraksha Dal's River Cleaning Activity,Kanpur Nagar,Uttar Pradesh,"A unique, non-governmental volunteer initiative dedicated to selflessly cleaning and protecting the Ganga riverbanks. Encountering members like Muhammad Laal Badshah offers a profound insight into interfaith harmony, environmental dedication, and the raw, unacknowledged efforts of local communities, providing a deeply moving and inspiring experience that is rarely publicized.",Activity,Sunday mornings (at Rani Lakshmi Ghat),Free,"Rani Lakshmi Ghat, Bithoor",4
Gangotri in Winter,Uttarkashi,Uttarakhand,"Experience a challenging yet deeply spiritual journey to the revered pilgrimage site amidst extreme winter temperatures (-15 to -20°C), offering a uniquely serene and less crowded atmosphere.",Cultural/Historic Site,Winter (specifically when temperatures are -15 to -20°C),,Uttarkashi,3
Spiritual Encounter with the Mataji (saintly woman),Uttarkashi,Uttarakhand,"Seek unique spiritual guidance or profound insights from a revered saintly woman in Gangotri, an deeply personal and non-mainstream experience vital for personal growth or creative endeavors like writing a book.",Activity,Winter (implied by the narrator's travel plans),Free,Gangotri,9
Local Dhaba Experience,Not specified,Not specified,"An immersive journey across India, characterized by relying on local kindness and working at roadside dhabas. This offers a unique opportunity to engage with authentic Indian life, culture, and hospitality firsthand, providing a perspective often missed by mainstream tourism and leading to personal, compelling stories.",Activity,,Free,India,3
Savitri Devi Mandir,Ajmer,Rajasthan,"Visit for a fantastic panoramic view, a refreshing breeze, and a spectacular sunset, especially rewarding after making the effort to walk up.",Cultural/Historic Site,Sunset,Budget-friendly,Pushkar,3
Anshul Bhai's Guest House,Leh,Ladakh,"Experience authentic hospitality, with hosts who offer warm greetings and guided village tours. Enjoy delicious, 100% organic meals prepared with fresh vegetables sourced directly from the guest house's own garden.",Food Joint,,Budget-friendly,Leh,4
Hunderman Heritage House and Museum,Leh,Ladakh,"Explore a well-preserved collection showcasing the ingenuity of past generations, including traditional tools and clothing, reflecting the rich history and resourcefulness of this border village.",Cultural/Historic Site,,Budget-friendly,Leh,3
Hunderman's Natural Cold Storage (Bungas),Leh,Ladakh,"Discover an ingenious, age-old underground cold storage system that naturally maintains low temperatures, capable of preserving meat and other perishables for decades without electricity, a testament to traditional innovation and a true mystery.",Cultural/Historic Site,,Free,"Hunderman Village, Leh",7
Chadar Trek (Zanskar River),Leh,Ladakh,"Embark on an adventurous multi-day trek across the frozen Zanskar River, experiencing the unique challenge of walking on an ice sheet during peak winters.",Activity,Peak winters,Moderate,Ladakh,6
Maheshwar Fort (and Ahilyabai Holkar's Residence),Khargone,Madhya Pradesh,"A historically significant fort and the residence of Ahilyabai Holkar, known for its beautiful architecture and its strategic location right on the banks of the Narmada River. It offers insights into Ahilyabai's extensive work in renovating major Hindu temples across India.",Cultural/Historic Site,,Moderate,Indore,6
Kaleshwar Mandir,Khargone,Madhya Pradesh,"A temple uniquely situated by the significantly wide and vast Narmada River, offering a picturesque and peaceful spiritual experience amidst natural beauty.",Cultural/Historic Site,,Free,Maheshwar,3
Maheshwar's Filming Locations (aka 'Movies' Banaras'),Khargone,Madhya Pradesh,"Explore the specific ghats and areas within Maheshwar that have served as popular filming locations, often depicted as 'Banaras' in major Bollywood movies like Yamla Pagla Deewana, Padman, Genius, and Dabangg.",Activity,,Budget-friendly,Maheshwar,7
Kachori at Rajkumar Hotel,Khargone,Madhya Pradesh,"Indulge in an exceptionally delicious and highly recommended kachori from a local hotel, found in Srinagar near Nag Mandir, between Barwaha and Dhamnod. Its taste is so remarkable that visitors are challenged to find it anything less than amazing.",Food Joint,,Budget-friendly,Srinagar (near Nag Mandir),9
HRTC Bus Journey from Delhi to Leh,"Delhi, Leh","Delhi, Himachal Pradesh, Ladakh","An adventurous 1000 km journey across four high Himalayan mountain passes, offering an authentic, local, and budget-friendly alternative to flying, allowing travelers to witness stunning landscapes and interact with diverse co-passengers.",Activity,During the operating season,Budget-friendly,Delhi,6
Gata Loops,Leh,Ladakh,"A series of 21 hairpin bends infamous for a local legend about a truck conductor's ghost, where travelers leave water bottles at a small shrine to appease his spirit, offering a unique blend of natural beauty and local folklore.",Cultural/Historic Site,,Free,Pang,3
More Plains,Leh,Ladakh,"A vast, incredibly beautiful, and surreal high-altitude flatland, offering breathtaking vistas that create a truly unforgettable visual experience, highly anticipated by travelers.",Natural Landmark,,Free,Tanglang La,3
Floating Village on Dal Lake (Sophie Village),Srinagar,Jammu & Kashmir,"Experience a unique way of life in a self-sustaining community living directly on the water. Discover floating shops, schools, salons, and even playgrounds, all navigated by small boats, offering an authentic and peaceful glimpse into local culture, often compared to Venice.",Cultural/Historic Site,,Budget-friendly,Srinagar,7
Local Vegetable Market on Dal Lake,Srinagar,Jammu & Kashmir,Witness the vibrant daily commerce of Dal Lake as local vendors sell and negotiate prices for fresh produce directly from their boats in this bustling early morning floating market.,Activity,Every morning,Free,Srinagar,3
Kashi Labh Mukti Bhawan (Moksha Bhawan),Varanasi,Uttar Pradesh,"A unique spiritual home in Kashi where individuals come to spend their final days, believing it leads to liberation from the cycle of rebirth. It provides a peaceful atmosphere through constant bhajans and chants, offering a profound glimpse into local spiritual practices surrounding life and death.",Cultural/Historic Site,,Budget-friendly,Varanasi,8
Jhilmil Ramleela,Jhilmil,Delhi,"A decades-old community Ramleela, active since 1962, celebrated for its authentic performances, profound local devotion, and dedicated amateur artists. It offers a unique, non-commercialized experience of Lord Ram's story, distinct from larger, more crowded events.",Event/Festival,Navratri season (late September to October),Free,Jhilmil,6
Dras (The Coldest Inhabited Place),Kargil,Ladakh,"Brave the extreme temperatures of Dras, India's coldest inhabited place, to experience its unique local culture, the resilience of its people, and breathtaking frozen landscapes, making it an adventurous winter destination.",Natural Landmark,Winter,Moderate,Leh,6
Ahmad Bhai's Homestay,Kargil,Ladakh,"Experience genuine home-like hospitality and warmth in Dras, offering comfort and a personal touch that makes staying away from home feel remarkably close to it.",Cultural/Historic Site,Winter,Budget-friendly,Dras,3
Sheena and Balti Culture of Dras,Kargil,Ladakh,"Discover the distinct Sheena and Balti languages and rich cultural heritage of Dras, revealing a unique identity that sets its people apart from typical perceptions.",Cultural/Historic Site,,Free,Dras,3
Frozen Waterfalls of Dras,Kargil,Ladakh,"Hike to a 'very amazing' frozen waterfall, a rare and magical spectacle that none of the participants had seen before, making it a unique natural wonder.",Natural Landmark,Winter,Free,Dras,3
Dras Hydroelectric Power Plant (Spontaneous Visit),Kargil,Ladakh,"Embark on a truly random and unexpected visit to a local hydroelectric power plant, where you can learn about electricity generation and experience incredible local hospitality, including tea and hot water.",Activity,Winter,Free,Dras,6
Frozen River/Stream in Dras,Kargil,Ladakh,"Marvel at the captivating sight of a completely frozen river or stream, a beautiful natural wonder highlighting the extreme winter conditions of Dras.",Natural Landmark,Winter,Free,Dras,3
Republic Day Celebration at Dras (near Tiger Hill),Kargil,Ladakh,"Witness a profoundly patriotic and heartwarming Republic Day celebration right below the iconic Tiger Hill in Dras, experiencing the spirit of India amidst extreme cold and with local people.",Event/Festival,January 26th,Free,"Dras, Tiger Hill",3
Harihar Fort,Nashik,Maharashtra,"A challenging fort to climb, offering a significant and memorable physical experience for travelers seeking adventure and less-traveled paths.",Cultural/Historic Site,,Budget-friendly,Nashik,3
Keylong to Leh Bus Journey,"Lahaul & Spiti, Leh","Himachal Pradesh, Ladakh","Experience a challenging yet incredibly rewarding 36-hour bus journey through stunning Himalayan landscapes, including three high-altitude mountain passes. Many travel enthusiasts undertake this journey specifically for the scenic experience, often finding it more beautiful than the destination itself.",Activity,,Budget-friendly,Leh,7
Patal Cave,Uttarkashi,Uttarakhand,"Discover a secluded, deep cave near Gangotri, accessible by an uncommonly used path, offering a unique sense of energy and spiritual quiet away from crowded routes.",Natural Landmark,,Free,Gangotri,3
Interaction with Mata Ji in the Forest,Uttarkashi,Uttarakhand,"Experience a truly unique cultural interaction by meeting Mata Ji, a spiritual woman living alone in the forest near Gangotri, for an authentic glimpse into local life and wisdom.",Activity,Winters (or colder months),Free,Gangotri,3
Harshil Village,Uttarkashi,Uttarakhand,"Explore a beautiful, 'unheard of' village 30km from Gangotri, celebrated for its authentic old architecture, serene Ganga riverside setting, and local apple orchards, providing a non-touristy, culturally rich experience.",Cultural/Historic Site,,Budget-friendly,Gangotri,9
Pandav Nritya Festival,Uttarkashi,Uttarakhand,"Witness a vibrant, 3-day local festival in Harshil, featuring the mythical Pandava Nritya, a communal village feast, and the unique, animal-friendly ritual of symbolic pumpkin sacrifices, offering an incredibly deep and personal cultural immersion.",Event/Festival,Late autumn/early winter (coinciding with snowfall),Free,Harshil Village,9
Devta Possession Experience,Uttarkashi,Uttarakhand,"Gain profound insight into local Garhwali spiritual traditions by observing and discussing the phenomenon of Devta possession, a powerful and rarely witnessed cultural event during the Pandav Nritya festival.",Activity,During the Pandav Nritya Festival,Free,Harshil Village,6
Bhagirathi Homestay,Uttarkashi,Uttarakhand,"Stay at this 'lovely' homestay in Bagori village, offering comfortable accommodation and an unparalleled opportunity for cultural immersion, especially for experiencing local festivals and traditions directly with welcoming hosts.",Cultural/Historic Site,,Budget-friendly,Harshil Village,3
Vivek Express Journey (Dibrugarh to Kanyakumari),Dibrugarh,Assam,"Embark on India's longest train journey, a 78-hour adventure offering an unparalleled opportunity to witness India's diverse landscapes, meet fascinating co-passengers, and create lasting memories and connections over several days.",Activity,,Moderate,"Dibrugarh, Assam",7
IRCTC E-catering Service,Jalpaiguri,West Bengal,"Discover the surprisingly efficient IRCTC e-catering service, allowing you to order a wide variety of meals, including fast food like Domino's pizza, delivered directly to your seat at various stations along the train route.",Food Joint,,Budget-friendly,"Jalpaiguri, West Bengal",7
Kashmir Auto Drivers Association Free Tourist Service,Srinagar,Jammu and Kashmir,"A unique community-led initiative offering free auto services to tourists for local travel within Srinagar, including transfers to hotels or other destinations. This service provides valuable support, especially during times of travel disruption or strikes.",Activity,,Free,Srinagar,6
Japanese Sleeper Train Journey,Multiple Regions,Japan,"Experience Japan at a slower, more authentic pace by opting for an overnight sleeper train journey. These trains offer private rooms and a unique travel perspective, diverging from the common Bullet train experience.",Activity,Overnight,Moderate,Tokyo,7
Kusatsu Onsen (Hot Spring Town),Agatsuma District,Gunma Prefecture,"Discover a beautiful hot spring town nestled in the mountains, known for its healing onsens, traditional Japanese architecture, and relaxing foot-soaking areas. It offers a truly wholesome cultural experience that feels even more captivating in person than in photos.",Cultural/Historic Site,,Budget-friendly,Tokyo,7
Local Cafe by a Pond,Agatsuma District,Gunma Prefecture,"Enjoy an authentic local dining experience at a serene cafe situated by a tranquil pond, recommended by locals near Kusatsu Onsen. It's a perfect spot for lunch or coffee, offering a peaceful atmosphere and unique local treats like ice cream with bread.",Food Joint,Daytime for lunch or coffee,Budget-friendly,Kusatsu Onsen,7
Rajdhani First Class Private Coupe Journey,New Delhi,Delhi,"Experience unparalleled privacy, comfort, and a sense of luxury while traveling. Enjoy home-like unlimited food, quiet surroundings perfect for work or reading, and fulfill a childhood dream of refined, solitary train travel.",Activity,,Moderate,Delhi,6
Random Village near Aluva,Ernakulam,Kerala,"Discover authentic local life and experience unexpected enjoyment by exploring an unnamed, non-mainstream village, promising an adventure so fun it's hard to describe.",Cultural/Historic Site,,Budget-friendly,Aluva,7
Drass (Extreme Winter Experience),Kargil,Ladakh,"Visit Drass, the world's second coldest inhabited place, to experience extreme winter conditions, witness heavy snowfall, and attempt the unique water vaporization phenomenon in sub-zero temperatures. Immerse yourself in the resilience of local life.",Activity,Peak winters (December-January),Moderate,Kargil,9
Secret Waterfall & 1994 Bridge Adventure,Kargil,Ladakh,"Embark on a local-guided trek through deep snow to a secluded waterfall and cross a historic, partially broken bridge from 1994, offering an exhilarating and authentic winter adventure that reveals the 'real Drass'.",Activity,"Winter, especially after heavy snowfall",Free,Drass,9
Mama Ka Dhaba,Kargil,Ladakh,"Savor Mama's famous Kahwah and enjoy warm local hospitality at this popular community eatery located opposite the Higher Secondary School, a true local favorite for an authentic taste of Drass.",Food Joint,,Budget-friendly,Drass,6
Republic Day Celebration in Drass,Kargil,Ladakh,"Witness a beautiful and proud Republic Day celebration at the main school in Drass, amidst heavy snowfall, offering a unique insight into the community's patriotic spirit beneath Tiger Hill.",Event/Festival,January 26th,Free,Drass,3
Mr. Ahmed's Homestay,Kargil,Ladakh,"Experience authentic local life and immerse yourself in the extreme cold of Drass by staying with Mr. Ahmed and his family, receiving genuine hospitality and a deeper cultural connection.",Accommodation,Winter,Budget-friendly,Drass,3
Hastinapur,Meerut,Uttar Pradesh,"The ancient capital of the Kuru Kingdom from the Mahabharata period, this historic town offers a rich glimpse into India's past, surprisingly devoid of large crowds, providing an authentic and overlooked historical experience.",Cultural/Historic Site,,Budget-friendly,Delhi,9
Boorhi Ganga,Meerut,Uttar Pradesh,"Located within Hastinapur, this small stream is believed to be the original course of the Ganga River during the Mahabharata era, offering a unique, historical connection to ancient Indian mythology.",Natural Landmark,,Free,Hastinapur,3
Duke Nose,Lonavala,Maharashtra,"Offers a challenging and authentic cliffside trekking and camping experience, providing a raw and memorable encounter with nature, especially during adverse conditions, highlighting a unique survival story.",Activity,,Budget-friendly,Lonavala,3
Film and Television Institute of India (FTII),Pune,Maharashtra,"An inspiring and 'incredible place,' considered a 'temple' for film enthusiasts, offering a unique opportunity to explore Asia's oldest functioning studio, witness daily film screenings, and discover historical sites like the Wisdom Tree where cinematic legends once taught.",Cultural/Historic Site,,Budget-friendly,Pune,6
Sri Vaidyanatheshwara Temple,Mysuru,Karnataka,"This ancient temple, located in the historic town of Talakad along the Kaveri River, offers a profoundly peaceful and uncrowded spiritual experience. It is part of a legendary town where 35 grand temples were once buried under sand due to a curse. The temple showcases millennia-old architecture and emanates a powerful presence of Lord Shiva, providing a unique opportunity for deep personal reflection, especially during the evening aarti.",Cultural/Historic Site,Evening (for Aarti),Free,Kaveri River bank,3
Kullu Dussehra,Kullu,Himachal Pradesh,"A unique, week-long festival that begins after Ravana's departure in the rest of India. Deities from all over Himachal gather for a grand chariot procession, alongside sports competitions, music festivals, and cultural performances, showcasing the deep faith and belief of the local people.",Event/Festival,October,Free,Kullu,8
Kasu Onsen,,,"Visit this mountainous town, tucked away from usual tourist routes, for a unique Onsen experience and breathtaking sunset views that will leave you in awe.",Cultural/Historic Site,"Evening, at sunset",,Tokyo,8
Chilla Dam Wilderness Trek (within Raja Ji National Park),Haridwar,Uttarakhand,"Embark on an arduous and thrilling nocturnal trek through a dense, elephant-rich wilderness towards Chilla Dam. Experience breathtaking views of the full moon reflecting on the river, with wild elephants visible, offering an unforgettable, adventurous, and authentic encounter with nature.",Activity,"Night (for the unique adventure described, though risky); alternatively, dawn/dusk for safer wildlife viewing.",Budget-friendly,Haridwar,3
Rest House Staff Quarters near Chilla Dam,Haridwar,Uttarakhand,"Discover an unexpectedly found sanctuary offering basic but profoundly comforting accommodation deep within the jungle. This 'life-saving' shelter provides a unique and authentic stay experience for those venturing into the wilderness near Chilla Dam, serving as an immense relief after a challenging journey.",Cultural/Historic Site,"After an adventurous trek through the wilderness, especially at night.",Budget-friendly,Chilla Dam,3
Narmada Parikrama (Padayatra segment),Multiple,Madhya Pradesh,"An immersive walking journey along the sacred Narmada River, offering unique encounters with local culture and people, away from mainstream tourism. It’s a test of physical and mental endurance, leading to unexpected 'small magics' and profound personal reflections.",Activity,,Free,Omkareshwar,4
Community Free Water Service Points,Multiple,Madhya Pradesh,"Publicly available water stations generously set up by local communities along the Narmada Parikrama route, offering essential hydration to travelers. This highlights the region's deep sense of hospitality and local support, especially vital in hot weather.",Cultural/Historic Site,Hot weather,Free,Omkareshwar,3
Encounter with the 'Talking Pandit',Rural area,Madhya Pradesh,"A highly random and entertaining roadside encounter with a talkative Pandit who offers free sugarcane juice. This interaction provides a unique glimpse into local life and candid thoughts, which the speaker describes as an 'unprecedented randomness' not typically experienced.",Event/Festival,,Free,Narmada Parikrama Route,6
Rural Canal-side Roads,Rural area,Madhya Pradesh,"A peaceful and authentic alternative to main roads, winding through villages alongside a canal. This route offers refreshing shade from trees and a sense of 'small magic' and connection with local life, providing a much more enjoyable experience than the exposed main roads.",Natural Landmark,Daytime (for shade),Free,Narmada Parikrama Route,7
Sundardham Ashram,Rural area,Madhya Pradesh,"A welcoming spiritual retreat offering free accommodation and food for Narmada devotees and travelers. It provides a unique glimpse into the ascetic life of saints, continuous devotional singing, and opportunities for deep cultural immersion and memorable interactions with its residents.",Cultural/Historic Site,,Free,Narmada Parikrama Route,6
Encounter with the 'Delusional Mata ji' at Sundardham Ashram,Rural area,Madhya Pradesh,"A deeply bizarre and unforgettable interaction with an elderly woman at Sundardham Ashram who offers food and then recounts elaborate, yet delusional, stories about meeting prominent political figures. The speaker describes this experience as 'crazy,' generating 'goosebumps,' and part of 'stories that are tough to imagine,' highlighting its profound and non-mainstream uniqueness.",Event/Festival,,Free,Sundardham Ashram,9
International Monasteries of Bodh Gaya,Bodh Gaya,Bihar,"Discover a unique collection of diverse monasteries from countries like Japan, China, Thailand, Bhutan, and Mongolia, offering a peaceful glimpse into global Buddhist architecture and practices. Many are often empty, providing a serene atmosphere away from the main crowds.",Cultural/Historic Site,,Budget-friendly,"Mahabodhi Temple, Bodh Gaya",6
Metta Buddha Monastery,Bodh Gaya,Bihar,Visit what is arguably the most beautiful monastery in Bodh Gaya. Its stunning beauty and serene ambiance make it a compelling stop for spiritual seekers and architecture enthusiasts.,Cultural/Historic Site,,Budget-friendly,"Mahabodhi Temple, Bodh Gaya",7
Free Ration Distribution Event,Bodh Gaya,Bihar,"Witness a recurring community event at a local meditation center where free rations (5 KG rice and 1 liter oil) are distributed monthly. It offers a unique, non-mainstream insight into the local social fabric and community support.",Event/Festival,Monthly,Free,Bodh Gaya,3
Ancient Nalanda University Ruins,Nalanda,Bihar,"Explore the majestic ruins of the world's first residential university, a global center of knowledge for 700 years. This site offers a profound historical journey, revealing stories of ancient academic excellence and a pivotal moment in India's intellectual past.",Cultural/Historic Site,,Moderate,Bodh Gaya,4
Dev Deepawali Festival,Varanasi,Uttar Pradesh,"Witness the spectacular illumination of every ghat with thousands of lamps, creating a celestial atmosphere believed to be graced by deities bathing in the Ganga. It's described as the best possible day to visit, transforming the city into a vibrant spectacle of light and devotion.",Event/Festival,The day of Dev Deepawali (Kartik Purnima),Budget-friendly,Varanasi,6
Harishchandra Ghat (during Dev Deepawali),Varanasi,Uttar Pradesh,"Experience the unique and surprisingly vibrant transformation of Harishchandra Ghat, typically solemn, as it glows with countless lamps during Dev Deepawali, offering a profound and serene perspective that alleviates any usual apprehension.",Cultural/Historic Site,The night of Dev Deepawali,Free,Varanasi,3
Jasmin Calendar & Supercar Launch Event,Noida,Uttar Pradesh,"An exclusive brand launch event featuring the unveiling of the 2022 Jasmin calendar, photographed by 'Paaji', and the highly anticipated debut of a new supercar. The event offers a vibrant atmosphere with music, dancing, and a first-hand look at cutting-edge automotive design.",Event/Festival,Morning (as mentioned in the transcript for the launch),Free,Noida,3
Ganpati Visarjan,Mumbai,Maharashtra,"Experience the vibrant joy and deep community spirit during the immersion of Ganesh idols, offering a truly authentic cultural insight into Mumbai's local traditions.",Event/Festival,"During the Ganesh Chaturthi festival, specifically the day of Visarjan.",Free,Mumbai,3
Lakeside Retreat with Unique Lake-Facing Rooms,Not specified,Not specified,"Experience very unique rooms that offer a direct and beautiful view of a serene lake right from your window, providing a distinctive and scenic experience.",Natural Landmark,,Moderate,Not specified,3
Sree Talhan Sahib Gurudwara (Airplane Gurudwara),Jalandhar,Punjab,"A unique religious site where devotees, particularly youth, offer toy airplanes and pray for their foreign visa applications to be approved, especially for countries like Canada and Australia. It offers a glimpse into local aspirations and a vibrant community experience.",Cultural/Historic Site,,Budget-friendly,Jalandhar,7